{
    "Regression_R2": 0.9741090632488033,
    "MAE": 3.734211111111111,
    "MSE": 31.855245148148146,
    "RMSE": 5.6440451050773985,
    "PassFail_Accuracy": 0.9766666666666667,
    "PassFail_Precision": 0.9747899159663865,
    "PassFail_Recall": 0.9957081545064378,
    "PassFail_F1": 0.9851380042462845,
    "PassFail_CM": [
        [
            61,
            6
        ],
        [
            1,
            232
        ]
    ],
    "Grade_Accuracy": 0.8166666666666667,
    "Grade_Precision": 0.8052431865828091,
    "Grade_Recall": 0.8166666666666667,
    "Grade_F1": 0.8098574292483532,
    "Grade_Distribution": {
        "A": 138,
        "A+": 755,
        "B": 161,
        "C": 143,
        "F": 303
    }
}